{
  "GET All Activities" : {
    "transaction" : "GET All Activities",
    "sampleCount" : 1,
    "errorCount" : 0,
    "errorPct" : 0.0,
    "meanResTime" : 572.0,
    "medianResTime" : 572.0,
    "minResTime" : 572.0,
    "maxResTime" : 572.0,
    "pct1ResTime" : 572.0,
    "pct2ResTime" : 572.0,
    "pct3ResTime" : 572.0,
    "throughput" : 1.7482517482517483,
    "receivedKBytesPerSec" : 5.3079244973776225,
    "sentKBytesPerSec" : 0.32438264860139865
  },
  "GET All Books" : {
    "transaction" : "GET All Books",
    "sampleCount" : 1,
    "errorCount" : 0,
    "errorPct" : 0.0,
    "meanResTime" : 920.0,
    "medianResTime" : 920.0,
    "minResTime" : 920.0,
    "maxResTime" : 920.0,
    "pct1ResTime" : 920.0,
    "pct2ResTime" : 920.0,
    "pct3ResTime" : 920.0,
    "throughput" : 1.0869565217391304,
    "receivedKBytesPerSec" : 955.7978091032609,
    "sentKBytesPerSec" : 0.19637398097826086
  },
  "GET Book of ID" : {
    "transaction" : "GET Book of ID",
    "sampleCount" : 5,
    "errorCount" : 0,
    "errorPct" : 0.0,
    "meanResTime" : 512.2,
    "medianResTime" : 496.0,
    "minResTime" : 488.0,
    "maxResTime" : 558.0,
    "pct1ResTime" : 558.0,
    "pct2ResTime" : 558.0,
    "pct3ResTime" : 558.0,
    "throughput" : 3.888024883359254,
    "receivedKBytesPerSec" : 17.47636809875583,
    "sentKBytesPerSec" : 0.6113007873250389
  },
  "Total" : {
    "transaction" : "Total",
    "sampleCount" : 7,
    "errorCount" : 0,
    "errorPct" : 0.0,
    "meanResTime" : 579.0,
    "medianResTime" : 524.0,
    "minResTime" : 488.0,
    "maxResTime" : 920.0,
    "pct1ResTime" : 920.0,
    "pct2ResTime" : 920.0,
    "pct3ResTime" : 920.0,
    "throughput" : 4.6916890080428955,
    "receivedKBytesPerSec" : 606.4642939426943,
    "sentKBytesPerSec" : 0.7723483579088471
  }
}